username,password
examinee001,examinee001
examinee002,examinee002
examinee003,examinee003
examinee004,examinee004
examinee005,examinee005
examinee006,examinee006
examinee007,examinee007
examinee008,examinee008
examinee009,examinee009
examinee010,examinee010
examinee011,examinee011
examinee012,examinee012
examinee013,examinee013
examinee014,examinee014
examinee015,examinee015
examinee016,examinee016
examinee017,examinee017
examinee018,examinee018
examinee019,examinee019
examinee020,examinee020
examinee021,examinee021
examinee022,examinee022
examinee023,examinee023
examinee024,examinee024
examinee025,examinee025
examinee026,examinee026
examinee027,examinee027
examinee028,examinee028
examinee029,examinee029
examinee030,examinee030
examinee031,examinee031
examinee032,examinee032
examinee033,examinee033
examinee034,examinee034
examinee035,examinee035
examinee036,examinee036
examinee037,examinee037
examinee038,examinee038
examinee039,examinee039
examinee040,examinee040
examinee041,examinee041
examinee042,examinee042
examinee043,examinee043
examinee044,examinee044
examinee045,examinee045
examinee046,examinee046
examinee047,examinee047
examinee048,examinee048
examinee049,examinee049
examinee050,examinee050
examinee051,examinee051
examinee052,examinee052
examinee053,examinee053
examinee054,examinee054
examinee055,examinee055
examinee056,examinee056
examinee057,examinee057
examinee058,examinee058
examinee059,examinee059
examinee060,examinee060
examinee061,examinee061
examinee062,examinee062
examinee063,examinee063
examinee064,examinee064
examinee065,examinee065
examinee066,examinee066
examinee067,examinee067
examinee068,examinee068
examinee069,examinee069
examinee070,examinee070
examinee071,examinee071
examinee072,examinee072
examinee073,examinee073
examinee074,examinee074
examinee075,examinee075
examinee076,examinee076
examinee077,examinee077
examinee078,examinee078
examinee079,examinee079
examinee080,examinee080
examinee081,examinee081
examinee082,examinee082
examinee083,examinee083
examinee084,examinee084
examinee085,examinee085
examinee086,examinee086
examinee087,examinee087
examinee088,examinee088
examinee089,examinee089
examinee090,examinee090
examinee091,examinee091
examinee092,examinee092
examinee093,examinee093
examinee094,examinee094
examinee095,examinee095
examinee096,examinee096
examinee097,examinee097
examinee098,examinee098
examinee099,examinee099
examinee100,examinee100
examinee101,examinee101
examinee102,examinee102
examinee103,examinee103
examinee104,examinee104
examinee105,examinee105
examinee106,examinee106
examinee107,examinee107
examinee108,examinee108
examinee109,examinee109
examinee110,examinee110
examinee111,examinee111
examinee112,examinee112
examinee113,examinee113
examinee114,examinee114
examinee115,examinee115
examinee116,examinee116
examinee117,examinee117
examinee118,examinee118
examinee119,examinee119
examinee120,examinee120
examinee121,examinee121
examinee122,examinee122
examinee123,examinee123
examinee124,examinee124
examinee125,examinee125
examinee126,examinee126
examinee127,examinee127
examinee128,examinee128
examinee129,examinee129
examinee130,examinee130
examinee131,examinee131
examinee132,examinee132
examinee133,examinee133
examinee134,examinee134
examinee135,examinee135
examinee136,examinee136
examinee137,examinee137
examinee138,examinee138
examinee139,examinee139
examinee140,examinee140
examinee141,examinee141
examinee142,examinee142
examinee143,examinee143
examinee144,examinee144
examinee145,examinee145
examinee146,examinee146
examinee147,examinee147
examinee148,examinee148
examinee149,examinee149
examinee150,examinee150
examinee151,examinee151
examinee152,examinee152
examinee153,examinee153
examinee154,examinee154
examinee155,examinee155
examinee156,examinee156
examinee157,examinee157
examinee158,examinee158
examinee159,examinee159
examinee160,examinee160
examinee161,examinee161
examinee162,examinee162
examinee163,examinee163
examinee164,examinee164
examinee165,examinee165
examinee166,examinee166
examinee167,examinee167
examinee168,examinee168
examinee169,examinee169
examinee170,examinee170
examinee171,examinee171
examinee172,examinee172
examinee173,examinee173
examinee174,examinee174
examinee175,examinee175
examinee176,examinee176
examinee177,examinee177
examinee178,examinee178
examinee179,examinee179
examinee180,examinee180
examinee181,examinee181
examinee182,examinee182
examinee183,examinee183
examinee184,examinee184
examinee185,examinee185
examinee186,examinee186
examinee187,examinee187
examinee188,examinee188
examinee189,examinee189
examinee190,examinee190
examinee191,examinee191
examinee192,examinee192
examinee193,examinee193
examinee194,examinee194
examinee195,examinee195
examinee196,examinee196
examinee197,examinee197
examinee198,examinee198
examinee199,examinee199
examinee200,examinee200
examinee201,examinee201
examinee202,examinee202
examinee203,examinee203
examinee204,examinee204
examinee205,examinee205
examinee206,examinee206
examinee207,examinee207
examinee208,examinee208
examinee209,examinee209
examinee210,examinee210
examinee211,examinee211
examinee212,examinee212
examinee213,examinee213
examinee214,examinee214
examinee215,examinee215
examinee216,examinee216
examinee217,examinee217
examinee218,examinee218
examinee219,examinee219
examinee220,examinee220
examinee221,examinee221
examinee222,examinee222
examinee223,examinee223
examinee224,examinee224
examinee225,examinee225
examinee226,examinee226
examinee227,examinee227
examinee228,examinee228
examinee229,examinee229
examinee230,examinee230
examinee231,examinee231
examinee232,examinee232
examinee233,examinee233
examinee234,examinee234
examinee235,examinee235
examinee236,examinee236
examinee237,examinee237
examinee238,examinee238
examinee239,examinee239
examinee240,examinee240
examinee241,examinee241
examinee242,examinee242
examinee243,examinee243
examinee244,examinee244
examinee245,examinee245
examinee246,examinee246
examinee247,examinee247
examinee248,examinee248
examinee249,examinee249
examinee250,examinee250
examinee251,examinee251
examinee252,examinee252
examinee253,examinee253
examinee254,examinee254
examinee255,examinee255
examinee256,examinee256
examinee257,examinee257
examinee258,examinee258
examinee259,examinee259
examinee260,examinee260
examinee261,examinee261
examinee262,examinee262
examinee263,examinee263
examinee264,examinee264
examinee265,examinee265
examinee266,examinee266
examinee267,examinee267
examinee268,examinee268
examinee269,examinee269
examinee270,examinee270
examinee271,examinee271
examinee272,examinee272
examinee273,examinee273
examinee274,examinee274
examinee275,examinee275
examinee276,examinee276
examinee277,examinee277
examinee278,examinee278
examinee279,examinee279
examinee280,examinee280
examinee281,examinee281
examinee282,examinee282
examinee283,examinee283
examinee284,examinee284
examinee285,examinee285
examinee286,examinee286
examinee287,examinee287
examinee288,examinee288
examinee289,examinee289
examinee290,examinee290
examinee291,examinee291
examinee292,examinee292
examinee293,examinee293
examinee294,examinee294
examinee295,examinee295
examinee296,examinee296
examinee297,examinee297
examinee298,examinee298
examinee299,examinee299
examinee300,examinee300
examinee301,examinee301
examinee302,examinee302
examinee303,examinee303
examinee304,examinee304
examinee305,examinee305
examinee306,examinee306
examinee307,examinee307
examinee308,examinee308
examinee309,examinee309
examinee310,examinee310
examinee311,examinee311
examinee312,examinee312
examinee313,examinee313
examinee314,examinee314
examinee315,examinee315
examinee316,examinee316
examinee317,examinee317
examinee318,examinee318
examinee319,examinee319
examinee320,examinee320
examinee321,examinee321
examinee322,examinee322
examinee323,examinee323
examinee324,examinee324
examinee325,examinee325
examinee326,examinee326
examinee327,examinee327
examinee328,examinee328
examinee329,examinee329
examinee330,examinee330
examinee331,examinee331
examinee332,examinee332
examinee333,examinee333
examinee334,examinee334
examinee335,examinee335
examinee336,examinee336
examinee337,examinee337
examinee338,examinee338
examinee339,examinee339
examinee340,examinee340
examinee341,examinee341
examinee342,examinee342
examinee343,examinee343
examinee344,examinee344
examinee345,examinee345
examinee346,examinee346
examinee347,examinee347
examinee348,examinee348
examinee349,examinee349
examinee350,examinee350
examinee351,examinee351
examinee352,examinee352
examinee353,examinee353
examinee354,examinee354
examinee355,examinee355
examinee356,examinee356
examinee357,examinee357
examinee358,examinee358
examinee359,examinee359
examinee360,examinee360
examinee361,examinee361
examinee362,examinee362
examinee363,examinee363
examinee364,examinee364
examinee365,examinee365
examinee366,examinee366
examinee367,examinee367
examinee368,examinee368
examinee369,examinee369
examinee370,examinee370
examinee371,examinee371
examinee372,examinee372
examinee373,examinee373
examinee374,examinee374
examinee375,examinee375
examinee376,examinee376
examinee377,examinee377
examinee378,examinee378
examinee379,examinee379
examinee380,examinee380
examinee381,examinee381
examinee382,examinee382
examinee383,examinee383
examinee384,examinee384
examinee385,examinee385
examinee386,examinee386
examinee387,examinee387
examinee388,examinee388
examinee389,examinee389
examinee390,examinee390
examinee391,examinee391
examinee392,examinee392
examinee393,examinee393
examinee394,examinee394
examinee395,examinee395
examinee396,examinee396
examinee397,examinee397
examinee398,examinee398
examinee399,examinee399
examinee400,examinee400
examinee401,examinee401
examinee402,examinee402
examinee403,examinee403
examinee404,examinee404
examinee405,examinee405
examinee406,examinee406
examinee407,examinee407
examinee408,examinee408
examinee409,examinee409
examinee410,examinee410
examinee411,examinee411
examinee412,examinee412
examinee413,examinee413
examinee414,examinee414
examinee415,examinee415
examinee416,examinee416
examinee417,examinee417
examinee418,examinee418
examinee419,examinee419
examinee420,examinee420
examinee421,examinee421
examinee422,examinee422
examinee423,examinee423
examinee424,examinee424
examinee425,examinee425
examinee426,examinee426
examinee427,examinee427
examinee428,examinee428
examinee429,examinee429
examinee430,examinee430
examinee431,examinee431
examinee432,examinee432
examinee433,examinee433
examinee434,examinee434
examinee435,examinee435
examinee436,examinee436
examinee437,examinee437
examinee438,examinee438
examinee439,examinee439
examinee440,examinee440
examinee441,examinee441
examinee442,examinee442
examinee443,examinee443
examinee444,examinee444
examinee445,examinee445
examinee446,examinee446
examinee447,examinee447
examinee448,examinee448
examinee449,examinee449
examinee450,examinee450
examinee451,examinee451
examinee452,examinee452
examinee453,examinee453
examinee454,examinee454
examinee455,examinee455
examinee456,examinee456
examinee457,examinee457
examinee458,examinee458
examinee459,examinee459
examinee460,examinee460
examinee461,examinee461
examinee462,examinee462
examinee463,examinee463
examinee464,examinee464
examinee465,examinee465
examinee466,examinee466
examinee467,examinee467
examinee468,examinee468
examinee469,examinee469
examinee470,examinee470
examinee471,examinee471
examinee472,examinee472
examinee473,examinee473
examinee474,examinee474
examinee475,examinee475
examinee476,examinee476
examinee477,examinee477
examinee478,examinee478
examinee479,examinee479
examinee480,examinee480
examinee481,examinee481
examinee482,examinee482
examinee483,examinee483
examinee484,examinee484
examinee485,examinee485
examinee486,examinee486
examinee487,examinee487
examinee488,examinee488
examinee489,examinee489
examinee490,examinee490
examinee491,examinee491
examinee492,examinee492
examinee493,examinee493
examinee494,examinee494
examinee495,examinee495
examinee496,examinee496
examinee497,examinee497
examinee498,examinee498
examinee499,examinee499
examinee500,examinee500
examinee501,examinee501
examinee502,examinee502
examinee503,examinee503
examinee504,examinee504
examinee505,examinee505
examinee506,examinee506
examinee507,examinee507
examinee508,examinee508
examinee509,examinee509
examinee510,examinee510
examinee511,examinee511
examinee512,examinee512
examinee513,examinee513
examinee514,examinee514
examinee515,examinee515
examinee516,examinee516
examinee517,examinee517
examinee518,examinee518
examinee519,examinee519
examinee520,examinee520
examinee521,examinee521
examinee522,examinee522
examinee523,examinee523
examinee524,examinee524
examinee525,examinee525
examinee526,examinee526
examinee527,examinee527
examinee528,examinee528
examinee529,examinee529
examinee530,examinee530
examinee531,examinee531
examinee532,examinee532
examinee533,examinee533
examinee534,examinee534
examinee535,examinee535
examinee536,examinee536
examinee537,examinee537
examinee538,examinee538
examinee539,examinee539
examinee540,examinee540
examinee541,examinee541
examinee542,examinee542
examinee543,examinee543
examinee544,examinee544
examinee545,examinee545
examinee546,examinee546
examinee547,examinee547
examinee548,examinee548
examinee549,examinee549
examinee550,examinee550
examinee551,examinee551
examinee552,examinee552
examinee553,examinee553
examinee554,examinee554
examinee555,examinee555
examinee556,examinee556
examinee557,examinee557
examinee558,examinee558
examinee559,examinee559
examinee560,examinee560
examinee561,examinee561
examinee562,examinee562
examinee563,examinee563
examinee564,examinee564
examinee565,examinee565
examinee566,examinee566
examinee567,examinee567
examinee568,examinee568
examinee569,examinee569
examinee570,examinee570
examinee571,examinee571
examinee572,examinee572
examinee573,examinee573
examinee574,examinee574
examinee575,examinee575
examinee576,examinee576
examinee577,examinee577
examinee578,examinee578
examinee579,examinee579
examinee580,examinee580
examinee581,examinee581
examinee582,examinee582
examinee583,examinee583
examinee584,examinee584
examinee585,examinee585
examinee586,examinee586
examinee587,examinee587
examinee588,examinee588
examinee589,examinee589
examinee590,examinee590
examinee591,examinee591
examinee592,examinee592
examinee593,examinee593
examinee594,examinee594
examinee595,examinee595
examinee596,examinee596
examinee597,examinee597
examinee598,examinee598
examinee599,examinee599
examinee600,examinee600
examinee601,examinee601
examinee602,examinee602
examinee603,examinee603
examinee604,examinee604
examinee605,examinee605
examinee606,examinee606
examinee607,examinee607
examinee608,examinee608
examinee609,examinee609
examinee610,examinee610
examinee611,examinee611
examinee612,examinee612
examinee613,examinee613
examinee614,examinee614
examinee615,examinee615
examinee616,examinee616
examinee617,examinee617
examinee618,examinee618
examinee619,examinee619
examinee620,examinee620
examinee621,examinee621
examinee622,examinee622
examinee623,examinee623
examinee624,examinee624
examinee625,examinee625
examinee626,examinee626
examinee627,examinee627
examinee628,examinee628
examinee629,examinee629
examinee630,examinee630
examinee631,examinee631
examinee632,examinee632
examinee633,examinee633
examinee634,examinee634
examinee635,examinee635
examinee636,examinee636
examinee637,examinee637
examinee638,examinee638
examinee639,examinee639
examinee640,examinee640
examinee641,examinee641
examinee642,examinee642
examinee643,examinee643
examinee644,examinee644
examinee645,examinee645
examinee646,examinee646
examinee647,examinee647
examinee648,examinee648
examinee649,examinee649
examinee650,examinee650
examinee651,examinee651
examinee652,examinee652
examinee653,examinee653
examinee654,examinee654
examinee655,examinee655
examinee656,examinee656
examinee657,examinee657
examinee658,examinee658
examinee659,examinee659
examinee660,examinee660
examinee661,examinee661
examinee662,examinee662
examinee663,examinee663
examinee664,examinee664
examinee665,examinee665
examinee666,examinee666
examinee667,examinee667
examinee668,examinee668
examinee669,examinee669
examinee670,examinee670
examinee671,examinee671
examinee672,examinee672
examinee673,examinee673
examinee674,examinee674
examinee675,examinee675
examinee676,examinee676
examinee677,examinee677
examinee678,examinee678
examinee679,examinee679
examinee680,examinee680
examinee681,examinee681
examinee682,examinee682
examinee683,examinee683
examinee684,examinee684
examinee685,examinee685
examinee686,examinee686
examinee687,examinee687
examinee688,examinee688
examinee689,examinee689
examinee690,examinee690
examinee691,examinee691
examinee692,examinee692
examinee693,examinee693
examinee694,examinee694
examinee695,examinee695
examinee696,examinee696
examinee697,examinee697
examinee698,examinee698
examinee699,examinee699
examinee700,examinee700
examinee701,examinee701
examinee702,examinee702
examinee703,examinee703
examinee704,examinee704
examinee705,examinee705
examinee706,examinee706
examinee707,examinee707
examinee708,examinee708
examinee709,examinee709
examinee710,examinee710
examinee711,examinee711
examinee712,examinee712
examinee713,examinee713
examinee714,examinee714
examinee715,examinee715
examinee716,examinee716
examinee717,examinee717
examinee718,examinee718
examinee719,examinee719
examinee720,examinee720
examinee721,examinee721
examinee722,examinee722
examinee723,examinee723
examinee724,examinee724
examinee725,examinee725
examinee726,examinee726
examinee727,examinee727
examinee728,examinee728
examinee729,examinee729
examinee730,examinee730
examinee731,examinee731
examinee732,examinee732
examinee733,examinee733
examinee734,examinee734
examinee735,examinee735
examinee736,examinee736
examinee737,examinee737
examinee738,examinee738
examinee739,examinee739
examinee740,examinee740
examinee741,examinee741
examinee742,examinee742
examinee743,examinee743
examinee744,examinee744
examinee745,examinee745
examinee746,examinee746
examinee747,examinee747
examinee748,examinee748
examinee749,examinee749
examinee750,examinee750
examinee751,examinee751
examinee752,examinee752
examinee753,examinee753
examinee754,examinee754
examinee755,examinee755
examinee756,examinee756
examinee757,examinee757
examinee758,examinee758
examinee759,examinee759
examinee760,examinee760
examinee761,examinee761
examinee762,examinee762
examinee763,examinee763
examinee764,examinee764
examinee765,examinee765
examinee766,examinee766
examinee767,examinee767
examinee768,examinee768
examinee769,examinee769
examinee770,examinee770
examinee771,examinee771
examinee772,examinee772
examinee773,examinee773
examinee774,examinee774
examinee775,examinee775
examinee776,examinee776
examinee777,examinee777
examinee778,examinee778
examinee779,examinee779
examinee780,examinee780
examinee781,examinee781
examinee782,examinee782
examinee783,examinee783
examinee784,examinee784
examinee785,examinee785
examinee786,examinee786
examinee787,examinee787
examinee788,examinee788
examinee789,examinee789
examinee790,examinee790
examinee791,examinee791
examinee792,examinee792
examinee793,examinee793
examinee794,examinee794
examinee795,examinee795
examinee796,examinee796
examinee797,examinee797
examinee798,examinee798
examinee799,examinee799
examinee800,examinee800
examinee801,examinee801
examinee802,examinee802
examinee803,examinee803
examinee804,examinee804
examinee805,examinee805
examinee806,examinee806
examinee807,examinee807
examinee808,examinee808
examinee809,examinee809
examinee810,examinee810
examinee811,examinee811
examinee812,examinee812
examinee813,examinee813
examinee814,examinee814
examinee815,examinee815
examinee816,examinee816
examinee817,examinee817
examinee818,examinee818
examinee819,examinee819
examinee820,examinee820
examinee821,examinee821
examinee822,examinee822
examinee823,examinee823
examinee824,examinee824
examinee825,examinee825
examinee826,examinee826
examinee827,examinee827
examinee828,examinee828
examinee829,examinee829
examinee830,examinee830
examinee831,examinee831
examinee832,examinee832
examinee833,examinee833
examinee834,examinee834
examinee835,examinee835
examinee836,examinee836
examinee837,examinee837
examinee838,examinee838
examinee839,examinee839
examinee840,examinee840
examinee841,examinee841
examinee842,examinee842
examinee843,examinee843
examinee844,examinee844
examinee845,examinee845
examinee846,examinee846
examinee847,examinee847
examinee848,examinee848
examinee849,examinee849
examinee850,examinee850
examinee851,examinee851
examinee852,examinee852
examinee853,examinee853
examinee854,examinee854
examinee855,examinee855
examinee856,examinee856
examinee857,examinee857
examinee858,examinee858
examinee859,examinee859
examinee860,examinee860
examinee861,examinee861
examinee862,examinee862
examinee863,examinee863
examinee864,examinee864
examinee865,examinee865
examinee866,examinee866
examinee867,examinee867
examinee868,examinee868
examinee869,examinee869
examinee870,examinee870
examinee871,examinee871
examinee872,examinee872
examinee873,examinee873
examinee874,examinee874
examinee875,examinee875
examinee876,examinee876
examinee877,examinee877
examinee878,examinee878
examinee879,examinee879
examinee880,examinee880
examinee881,examinee881
examinee882,examinee882
examinee883,examinee883
examinee884,examinee884
examinee885,examinee885
examinee886,examinee886
examinee887,examinee887
examinee888,examinee888
examinee889,examinee889
examinee890,examinee890
examinee891,examinee891
examinee892,examinee892
examinee893,examinee893
examinee894,examinee894
examinee895,examinee895
examinee896,examinee896
examinee897,examinee897
examinee898,examinee898
examinee899,examinee899
examinee900,examinee900
examinee901,examinee901
examinee902,examinee902
examinee903,examinee903
examinee904,examinee904
examinee905,examinee905
examinee906,examinee906
examinee907,examinee907
examinee908,examinee908
examinee909,examinee909
examinee910,examinee910
examinee911,examinee911
examinee912,examinee912
examinee913,examinee913
examinee914,examinee914
examinee915,examinee915
examinee916,examinee916
examinee917,examinee917
examinee918,examinee918
examinee919,examinee919
examinee920,examinee920
examinee921,examinee921
examinee922,examinee922
examinee923,examinee923
examinee924,examinee924
examinee925,examinee925
examinee926,examinee926
examinee927,examinee927
examinee928,examinee928
examinee929,examinee929
examinee930,examinee930
examinee931,examinee931
examinee932,examinee932
examinee933,examinee933
examinee934,examinee934
examinee935,examinee935
examinee936,examinee936
examinee937,examinee937
examinee938,examinee938
examinee939,examinee939
examinee940,examinee940
examinee941,examinee941
examinee942,examinee942
examinee943,examinee943
examinee944,examinee944
examinee945,examinee945
examinee946,examinee946
examinee947,examinee947
examinee948,examinee948
examinee949,examinee949
examinee950,examinee950
examinee951,examinee951
examinee952,examinee952
examinee953,examinee953
examinee954,examinee954
examinee955,examinee955
examinee956,examinee956
examinee957,examinee957
examinee958,examinee958
examinee959,examinee959
examinee960,examinee960
examinee961,examinee961
examinee962,examinee962
examinee963,examinee963
examinee964,examinee964
examinee965,examinee965
examinee966,examinee966
examinee967,examinee967
examinee968,examinee968
examinee969,examinee969
examinee970,examinee970
examinee971,examinee971
examinee972,examinee972
examinee973,examinee973
examinee974,examinee974
examinee975,examinee975
examinee976,examinee976
examinee977,examinee977
examinee978,examinee978
examinee979,examinee979
examinee980,examinee980
examinee981,examinee981
examinee982,examinee982
examinee983,examinee983
examinee984,examinee984
examinee985,examinee985
examinee986,examinee986
examinee987,examinee987
examinee988,examinee988
examinee989,examinee989
examinee990,examinee990
examinee991,examinee991
examinee992,examinee992
examinee993,examinee993
examinee994,examinee994
examinee995,examinee995
examinee996,examinee996
examinee997,examinee997
examinee998,examinee998
examinee999,examinee999